﻿<?xml version="1.0" encoding="utf-8" standalone="yes"?>
<factura id="comprobante" version="2.0.0">
  <infoTributaria>
    <razonSocial>CONELSA CONDUCTORES ELECTRICOS SA</razonSocial>
    <ruc>1790015785001</ruc>
    <codDoc>01</codDoc>
    <estab>001</estab>
    <ptoEmi>005</ptoEmi>
    <secuencial>1100000029</secuencial>
    <dirMatriz>Juan Barrezueta N69-147 y Pana. Norte Km. 5 1/2</dirMatriz>
  </infoTributaria>
  <infoFactura>
    <fechaEmision>25/04/2017</fechaEmision>
    <dirEstablecimiento>Juan Barrezueta N69-147 y Pana. Norte Km. 5 1/2</dirEstablecimiento>
    <contribuyenteEspecial>5368</contribuyenteEspecial>
    <obligadoContabilidad>SI</obligadoContabilidad>
    <tipoIdentificacionComprador>05</tipoIdentificacionComprador>
    <razonSocialComprador>SANTOS XAVIER</razonSocialComprador>
    <identificacionComprador>0906659081</identificacionComprador>
    <totalSinImpuestos>1028</totalSinImpuestos>
    <totalDescuento>0</totalDescuento>
    <totalConImpuestos>
      <totalImpuesto>
        <codigo>2</codigo>
        <codigoPorcentaje>3</codigoPorcentaje>
        <baseImponible>1028</baseImponible>
        <tarifa>14</tarifa>
        <valor>143.919999</valor>
      </totalImpuesto>
    </totalConImpuestos>
    <propina>0.00</propina>
    <importeTotal>1171.92</importeTotal>
    <moneda>DOLAR</moneda>
    <pagos>
      <pago>
        <formaPago>01</formaPago>
        <total>1171.92</total>
        <plazo>30</plazo>
        <unidadTiempo>dias</unidadTiempo>
      </pago>
    </pagos>
  </infoFactura>
  <detalles>
    <detalle>
      <codigoPrincipal>000002</codigoPrincipal>
      <descripcion>TOSCANA MACARRON UNO CT 400GR</descripcion>
      <cantidad>1</cantidad>
      <precioUnitario>545</precioUnitario>
      <descuento>0</descuento>
      <precioTotalSinImpuesto>545</precioTotalSinImpuesto>
      <impuestos>
        <impuesto>
          <codigo>2</codigo>
          <codigoPorcentaje>3</codigoPorcentaje>
          <tarifa>14</tarifa>
          <baseImponible>545</baseImponible>
          <valor>76.299999</valor>
        </impuesto>
      </impuestos>
    </detalle>
    <detalle>
      <codigoPrincipal>000003</codigoPrincipal>
      <descripcion>TOSCANA MACARRON UNO CT 400GR</descripcion>
      <cantidad>1</cantidad>
      <precioUnitario>56</precioUnitario>
      <descuento>0</descuento>
      <precioTotalSinImpuesto>56</precioTotalSinImpuesto>
      <impuestos>
        <impuesto>
          <codigo>2</codigo>
          <codigoPorcentaje>3</codigoPorcentaje>
          <tarifa>14</tarifa>
          <baseImponible>56</baseImponible>
          <valor>7.839999</valor>
        </impuesto>
      </impuestos>
    </detalle>
    <detalle>
      <codigoPrincipal>000004</codigoPrincipal>
      <descripcion>TOSCANA MACARRON UNO CT 400GR</descripcion>
      <cantidad>1</cantidad>
      <precioUnitario>212</precioUnitario>
      <descuento>0</descuento>
      <precioTotalSinImpuesto>212</precioTotalSinImpuesto>
      <impuestos>
        <impuesto>
          <codigo>2</codigo>
          <codigoPorcentaje>3</codigoPorcentaje>
          <tarifa>14</tarifa>
          <baseImponible>212</baseImponible>
          <valor>29.68</valor>
        </impuesto>
      </impuestos>
    </detalle>
    <detalle>
      <codigoPrincipal>00001</codigoPrincipal>
      <descripcion>TOSCANA MACARRON UNO CT 400GR</descripcion>
      <cantidad>1</cantidad>
      <precioUnitario>215</precioUnitario>
      <descuento>0</descuento>
      <precioTotalSinImpuesto>215</precioTotalSinImpuesto>
      <impuestos>
        <impuesto>
          <codigo>2</codigo>
          <codigoPorcentaje>3</codigoPorcentaje>
          <tarifa>14</tarifa>
          <baseImponible>215</baseImponible>
          <valor>30.1</valor>
        </impuesto>
      </impuestos>
    </detalle>
  </detalles>
</factura>