﻿<?xml version="1.0" encoding="utf-8" standalone="yes"?>
<notaDebito id="comprobante" version="1.0.0">
  <infoTributaria>
    <razonSocial>CONELSA CONDUCTORES ELECTRICOS SA</razonSocial>
    <ruc>1790015785001</ruc>
    <codDoc>05</codDoc>
    <estab>001</estab>
    <ptoEmi>002</ptoEmi>
    <secuencial>000000004</secuencial>
    <dirMatriz>Juan Barrezueta N69-147 y Pana. Norte Km. 5 1/2</dirMatriz>
  </infoTributaria>
  <infoNotaDebito>
    <fechaEmision>25/04/2017</fechaEmision>
    <tipoIdentificacionComprador>05</tipoIdentificacionComprador>
    <razonSocialComprador>SANTOS XAVIER</razonSocialComprador>
    <identificacionComprador>0906659081</identificacionComprador>
    <contribuyenteEspecial>5368</contribuyenteEspecial>
    <obligadoContabilidad>SI</obligadoContabilidad>
    <codDocModificado>01</codDocModificado>
    <numDocModificado>001-005-100000016</numDocModificado>
    <fechaEmisionDocSustento>06/03/2017</fechaEmisionDocSustento>
    <totalSinImpuestos>620</totalSinImpuestos>
    <impuestos>
      <impuesto>
        <codigo>2</codigo>
        <codigoPorcentaje>0</codigoPorcentaje>
        <tarifa>0</tarifa>
        <baseImponible>565</baseImponible>
        <valor>0</valor>
      </impuesto>
      <impuesto>
        <codigo>2</codigo>
        <codigoPorcentaje>0</codigoPorcentaje>
        <tarifa>0</tarifa>
        <baseImponible>55</baseImponible>
        <valor>0</valor>
      </impuesto>
    </impuestos>
    <valorTotal>620</valorTotal>
  </infoNotaDebito>
  <motivos>
    <motivo>
      <razon>PRUEBAPRUEBA</razon>
      <valor>620</valor>
    </motivo>
  </motivos>
</notaDebito>