﻿<?xml version="1.0" encoding="utf-8" standalone="yes"?>
<factura id="comprobante" version="2.0.0">
  <infoTributaria>
    <razonSocial>CONELSA CONDUCTORES ELECTRICOS SA</razonSocial>
    <ruc>1790015785001</ruc>
    <codDoc>01</codDoc>
    <estab>001</estab>
    <ptoEmi>002</ptoEmi>
    <secuencial>000000002</secuencial>
    <dirMatriz>Juan Barrezueta N69-147 y Pana. Norte Km. 5 1/2</dirMatriz>
  </infoTributaria>
  <infoFactura>
    <fechaEmision>25/04/2017</fechaEmision>
    <contribuyenteEspecial>5368</contribuyenteEspecial>
    <obligadoContabilidad>SI</obligadoContabilidad>
    <comercioExterior>EXPORTADOR</comercioExterior>
    <incoTermFactura>245.00</incoTermFactura>
    <lugarIncoTerm>245.00</lugarIncoTerm>
    <paisOrigen>245.00</paisOrigen>
    <puertoEmbarque>245.00</puertoEmbarque>
    <puertoDestino>245.00</puertoDestino>
    <paisDestino>245.00</paisDestino>
    <paisAdquisicion>245.00</paisAdquisicion>
    <tipoIdentificacionComprador>05</tipoIdentificacionComprador>
    <razonSocialComprador>SANTOS XAVIER</razonSocialComprador>
    <identificacionComprador>0906659081</identificacionComprador>
    <direccionComprador>PREUBAPREUBA</direccionComprador>
    <totalSinImpuestos>150.00</totalSinImpuestos>
    <incoTermTotalSinImpuestos>245.00</incoTermTotalSinImpuestos>
    <totalDescuento>0.00</totalDescuento>
    <totalConImpuestos>
      <totalImpuesto>
        <codigo>2</codigo>
        <codigoPorcentaje>0</codigoPorcentaje>
        <baseImponible>150</baseImponible>
        <tarifa>14</tarifa>
        <valor>0</valor>
      </totalImpuesto>
    </totalConImpuestos>
    <propina>0.00</propina>
    <fleteInternacional>245.00</fleteInternacional>
    <seguroInternacional>245.00</seguroInternacional>
    <gastosAduaneros>245.00</gastosAduaneros>
    <gastosTransporteOtros>245.00</gastosTransporteOtros>
    <importeTotal>150</importeTotal>
    <moneda>DOLAR</moneda>
    <pagos>
      <pago>
        <formaPago>01</formaPago>
        <total>150</total>
        <plazo>30</plazo>
        <unidadTiempo>dias</unidadTiempo>
      </pago>
    </pagos>
  </infoFactura>
  <detalles>
    <detalle>
      <codigoPrincipal>000002</codigoPrincipal>
      <descripcion>TOSCANA MACARRON UNO CT 400GR</descripcion>
      <cantidad>1</cantidad>
      <precioUnitario>0</precioUnitario>
      <descuento>0</descuento>
      <precioTotalSinImpuesto>0</precioTotalSinImpuesto>
      <impuestos>
        <impuesto>
          <codigo>2</codigo>
          <codigoPorcentaje>0</codigoPorcentaje>
          <tarifa>0</tarifa>
          <baseImponible>0</baseImponible>
          <valor>0</valor>
        </impuesto>
      </impuestos>
    </detalle>
    <detalle>
      <codigoPrincipal>01041303</codigoPrincipal>
      <descripcion>TOSCANA MACARRON UNO CT 100GR</descripcion>
      <cantidad>1</cantidad>
      <precioUnitario>150</precioUnitario>
      <descuento>0</descuento>
      <precioTotalSinImpuesto>150</precioTotalSinImpuesto>
      <impuestos>
        <impuesto>
          <codigo>2</codigo>
          <codigoPorcentaje>0</codigoPorcentaje>
          <tarifa>0</tarifa>
          <baseImponible>150</baseImponible>
          <valor>0</valor>
        </impuesto>
      </impuestos>
    </detalle>
  </detalles>
</factura>