﻿<?xml version="1.0" encoding="utf-8" standalone="yes"?>
<comprobanteRetencion id="comprobante" version="1.0.0">
  <infoTributaria>
    <razonSocial>CONELSA CONDUCTORES ELECTRICOS SA</razonSocial>
    <ruc>1790015785001</ruc>
    <codDoc>07</codDoc>
    <estab>001</estab>
    <ptoEmi>002</ptoEmi>
    <secuencial>000000002</secuencial>
    <dirMatriz>Juan Barrezueta N69-147 y Pana. Norte Km. 5 1/2</dirMatriz>
  </infoTributaria>
  <infoCompRetencion>
    <fechaEmision>25/04/2017</fechaEmision>
    <dirEstablecimiento>Juan Barrezueta N69-147 y Pana. Norte Km. 5 1/2</dirEstablecimiento>
    <contribuyenteEspecial>5368</contribuyenteEspecial>
    <obligadoContabilidad>SI</obligadoContabilidad>
    <tipoIdentificacionSujetoRetenido>04</tipoIdentificacionSujetoRetenido>
    <razonSocialSujetoRetenido>JOSE ALFONSO LOZA PEÑA</razonSocialSujetoRetenido>
    <identificacionSujetoRetenido>0919696682001</identificacionSujetoRetenido>
    <periodoFiscal>04/2017</periodoFiscal>
  </infoCompRetencion>
  <impuestos>
    <impuesto>
      <codigo>1</codigo>
      <codigoRetencion />
      <baseImponible>65.001999</baseImponible>
      <porcentajeRetener>1</porcentajeRetener>
      <valorRetenido>0.65</valorRetenido>
      <codDocSustento>01</codDocSustento>
      <numDocSustento>001002000000002</numDocSustento>
      <fechaEmisionDocSustento>25/04/2017</fechaEmisionDocSustento>
    </impuesto>
  </impuestos>
</comprobanteRetencion>