﻿<?xml version="1.0" encoding="utf-8" standalone="yes"?>
<factura id="comprobante" version="2.0.0">
  <infoTributaria>
    <razonSocial>CONELSA CONDUCTORES ELECTRICOS SA</razonSocial>
    <ruc>1790015785001</ruc>
    <codDoc>01</codDoc>
    <estab>001</estab>
    <ptoEmi>005</ptoEmi>
    <secuencial>1100000030</secuencial>
    <dirMatriz>Juan Barrezueta N69-147 y Pana. Norte Km. 5 1/2</dirMatriz>
  </infoTributaria>
  <infoFactura>
    <fechaEmision>25/04/2017</fechaEmision>
    <dirEstablecimiento>Juan Barrezueta N69-147 y Pana. Norte Km. 5 1/2</dirEstablecimiento>
    <contribuyenteEspecial>JOSE ALFONSO LOZA PEÑA</contribuyenteEspecial>
    <obligadoContabilidad>04</obligadoContabilidad>
    <tipoIdentificacionComprador>04</tipoIdentificacionComprador>
    <razonSocialComprador>JOSE ALFONSO LOZA PEÑA</razonSocialComprador>
    <identificacionComprador>0919696682001</identificacionComprador>
    <totalSinImpuestos>2</totalSinImpuestos>
    <totalDescuento>0</totalDescuento>
    <codDocReembolso>41</codDocReembolso>
    <totalComprobantesReembolso>2.28</totalComprobantesReembolso>
    <totalBaseImponibleReembolso>2</totalBaseImponibleReembolso>
    <totalImpuestoReembolso>0.28</totalImpuestoReembolso>
    <totalConImpuestos />
    <propina>0.00</propina>
    <importeTotal>2.28</importeTotal>
    <moneda>DOLAR</moneda>
    <pagos>
      <pago>
        <formaPago />
        <total>2.28</total>
        <plazo>30</plazo>
        <unidadTiempo>dias</unidadTiempo>
      </pago>
    </pagos>
  </infoFactura>
  <detalles>
    <detalle>
      <codigoPrincipal>000003</codigoPrincipal>
      <descripcion>TOSCANA MACARRON UNO CT 400GR</descripcion>
      <cantidad>1</cantidad>
      <precioUnitario>2</precioUnitario>
      <descuento>0</descuento>
      <precioTotalSinImpuesto>2</precioTotalSinImpuesto>
      <impuestos />
    </detalle>
  </detalles>
  <reembolsos>
    <reembolsoDetalle>
      <tipoIdentificacionProveedorReembolso>04</tipoIdentificacionProveedorReembolso>
      <identificacionProveedorReembolso>0924891591001</identificacionProveedorReembolso>
      <codPaisPagoProveedorReembolso>21</codPaisPagoProveedorReembolso>
      <tipoProveedorReembolso>01</tipoProveedorReembolso>
      <codDocReembolso>01</codDocReembolso>
      <estabDocReembolso>001</estabDocReembolso>
      <ptoEmiDocReembolso>001</ptoEmiDocReembolso>
      <secuencialDocReembolso>000000023</secuencialDocReembolso>
      <fechaEmisionDocReembolso>25/04/2017</fechaEmisionDocReembolso>
      <numeroautorizacionDocReemb>2365489878</numeroautorizacionDocReemb>
      <detalleImpuestos />
    </reembolsoDetalle>
  </reembolsos>
</factura>