﻿<?xml version="1.0" encoding="utf-8" standalone="yes"?>
<guiaRemision id="comprobante" version="1.1.0">
  <infoTributaria>
    <razonSocial>CONELSA CONDUCTORES ELECTRICOS SA</razonSocial>
    <ruc>1790015785001</ruc>
    <codDoc>06</codDoc>
    <estab>001</estab>
    <ptoEmi>001</ptoEmi>
    <secuencial>000000005</secuencial>
    <dirMatriz>Juan Barrezueta N69-147 y Pana. Norte Km. 5 1/2</dirMatriz>
  </infoTributaria>
  <infoGuiaRemision>
    <dirEstablecimiento>Juan Barrezueta N69-147 y Pana. Norte Km. 5 1/2</dirEstablecimiento>
    <dirPartida>Juan Barrezueta N69-147 y Pana. Norte Km. 5 1/2</dirPartida>
    <razonSocialTransportista>JUANPEREZ</razonSocialTransportista>
    <tipoIdentificacionTransportista>05</tipoIdentificacionTransportista>
    <rucTransportista>1712228269001</rucTransportista>
    <obligadoContabilidad>SI</obligadoContabilidad>
    <contribuyenteEspecial>5368</contribuyenteEspecial>
    <fechaIniTransporte>25/04/2017</fechaIniTransporte>
    <fechaFinTransporte>25/04/2017</fechaFinTransporte>
    <placa>5656SAS</placa>
  </infoGuiaRemision>
  <destinatarios>
    <destinatario>
      <identificacionDestinatario>0906659081</identificacionDestinatario>
      <razonSocialDestinatario>SANTOS XAVIER</razonSocialDestinatario>
      <dirDestinatario>PRUEBAPRUEBA</dirDestinatario>
      <motivoTraslado>VENTA</motivoTraslado>
      <codDocSustento>01</codDocSustento>
      <detalles>
        <detalle>
          <codigoInterno>000002</codigoInterno>
          <descripcion>TOSCANA MACARRON UNO CT 400GR</descripcion>
          <cantidad>1</cantidad>
        </detalle>
        <detalle>
          <codigoInterno>000003</codigoInterno>
          <descripcion>TOSCANA MACARRON UNO CT 400GR</descripcion>
          <cantidad>1</cantidad>
        </detalle>
        <detalle>
          <codigoInterno>000004</codigoInterno>
          <descripcion>TOSCANA MACARRON UNO CT 400GR</descripcion>
          <cantidad>1</cantidad>
        </detalle>
        <detalle>
          <codigoInterno>00001</codigoInterno>
          <descripcion>TOSCANA MACARRON UNO CT 400GR</descripcion>
          <cantidad>1</cantidad>
        </detalle>
      </detalles>
    </destinatario>
    <destinatario>
      <identificacionDestinatario>0906659081</identificacionDestinatario>
      <razonSocialDestinatario>SANTOS XAVIER</razonSocialDestinatario>
      <dirDestinatario>PRUEBAPRUEBA</dirDestinatario>
      <motivoTraslado>VENTA</motivoTraslado>
      <codDocSustento>01</codDocSustento>
      <detalles>
        <detalle>
          <codigoInterno>000002</codigoInterno>
          <descripcion>TOSCANA MACARRON UNO CT 400GR</descripcion>
          <cantidad>1</cantidad>
        </detalle>
        <detalle>
          <codigoInterno>000003</codigoInterno>
          <descripcion>TOSCANA MACARRON UNO CT 400GR</descripcion>
          <cantidad>1</cantidad>
        </detalle>
      </detalles>
    </destinatario>
    <destinatario>
      <identificacionDestinatario>0906659081</identificacionDestinatario>
      <razonSocialDestinatario>SANTOS XAVIER</razonSocialDestinatario>
      <dirDestinatario>PRUEBAPRUEBA</dirDestinatario>
      <motivoTraslado>VENTA</motivoTraslado>
      <codDocSustento>01</codDocSustento>
      <detalles>
        <detalle>
          <codigoInterno>000002</codigoInterno>
          <descripcion>TOSCANA MACARRON UNO CT 400GR</descripcion>
          <cantidad>1</cantidad>
        </detalle>
        <detalle>
          <codigoInterno>01041303</codigoInterno>
          <descripcion>TOSCANA MACARRON UNO CT 100GR</descripcion>
          <cantidad>1</cantidad>
        </detalle>
      </detalles>
    </destinatario>
  </destinatarios>
</guiaRemision>