﻿<?xml version="1.0" encoding="utf-8" standalone="yes"?>
<notaCredito id="comprobante" version="1.1.0">
  <infoTributaria>
    <razonSocial>CONELSA CONDUCTORES ELECTRICOS SA</razonSocial>
    <ruc>1790015785001</ruc>
    <codDoc>04</codDoc>
    <estab>001</estab>
    <ptoEmi>005</ptoEmi>
    <secuencial>1100000004</secuencial>
    <dirMatriz>Juan Barrezueta N69-147 y Pana. Norte Km. 5 1/2</dirMatriz>
  </infoTributaria>
  <infoNotaCredito>
    <fechaEmision>25/04/2017</fechaEmision>
    <dirEstablecimiento>Juan Barrezueta N69-147 y Pana. Norte Km. 5 1/2</dirEstablecimiento>
    <tipoIdentificacionComprador>05</tipoIdentificacionComprador>
    <razonSocialComprador>SANTOS XAVIER</razonSocialComprador>
    <identificacionComprador>0906659081</identificacionComprador>
    <contribuyenteEspecial>5368</contribuyenteEspecial>
    <obligadoContabilidad>SI</obligadoContabilidad>
    <codDocModificado>01</codDocModificado>
    <numDocModificado>001-005-100000029</numDocModificado>
    <fechaEmisionDocSustento>25/04/2017</fechaEmisionDocSustento>
    <totalSinImpuestos>1028</totalSinImpuestos>
    <valorModificacion>1171.92</valorModificacion>
    <moneda>DOLAR</moneda>
    <totalConImpuestos>
      <totalImpuesto>
        <codigo>2</codigo>
        <codigoPorcentaje>3</codigoPorcentaje>
        <baseImponible>1028</baseImponible>
        <valor>143.919999</valor>
      </totalImpuesto>
    </totalConImpuestos>
    <motivo>Based On A/R Invoices 1100000029.</motivo>
  </infoNotaCredito>
  <detalles>
    <detalle>
      <codigoInterno>000002</codigoInterno>
      <descripcion>TOSCANA MACARRON UNO CT 400GR</descripcion>
      <cantidad>1</cantidad>
      <precioUnitario>545</precioUnitario>
      <descuento>0</descuento>
      <precioTotalSinImpuesto>545</precioTotalSinImpuesto>
      <impuestos>
        <impuesto>
          <codigo>2</codigo>
          <codigoPorcentaje>3</codigoPorcentaje>
          <tarifa>14</tarifa>
          <baseImponible>545</baseImponible>
          <valor>76.299999</valor>
        </impuesto>
      </impuestos>
    </detalle>
    <detalle>
      <codigoInterno>000003</codigoInterno>
      <descripcion>TOSCANA MACARRON UNO CT 400GR</descripcion>
      <cantidad>1</cantidad>
      <precioUnitario>56</precioUnitario>
      <descuento>0</descuento>
      <precioTotalSinImpuesto>56</precioTotalSinImpuesto>
      <impuestos>
        <impuesto>
          <codigo>2</codigo>
          <codigoPorcentaje>3</codigoPorcentaje>
          <tarifa>14</tarifa>
          <baseImponible>56</baseImponible>
          <valor>7.839999</valor>
        </impuesto>
      </impuestos>
    </detalle>
    <detalle>
      <codigoInterno>000004</codigoInterno>
      <descripcion>TOSCANA MACARRON UNO CT 400GR</descripcion>
      <cantidad>1</cantidad>
      <precioUnitario>212</precioUnitario>
      <descuento>0</descuento>
      <precioTotalSinImpuesto>212</precioTotalSinImpuesto>
      <impuestos>
        <impuesto>
          <codigo>2</codigo>
          <codigoPorcentaje>3</codigoPorcentaje>
          <tarifa>14</tarifa>
          <baseImponible>212</baseImponible>
          <valor>29.68</valor>
        </impuesto>
      </impuestos>
    </detalle>
    <detalle>
      <codigoInterno>00001</codigoInterno>
      <descripcion>TOSCANA MACARRON UNO CT 400GR</descripcion>
      <cantidad>1</cantidad>
      <precioUnitario>215</precioUnitario>
      <descuento>0</descuento>
      <precioTotalSinImpuesto>215</precioTotalSinImpuesto>
      <impuestos>
        <impuesto>
          <codigo>2</codigo>
          <codigoPorcentaje>3</codigoPorcentaje>
          <tarifa>14</tarifa>
          <baseImponible>215</baseImponible>
          <valor>30.1</valor>
        </impuesto>
      </impuestos>
    </detalle>
  </detalles>
</notaCredito>